{
  "loss": [
    0.795597046994289,
    0.3600073722820336,
    0.29955067845248357,
    0.2642974992826604,
    0.2386502533339974,
    0.21807824661536424,
    0.20148902744120606,
    0.1874866293141336,
    0.17492236998082908,
    0.1642298342145761,
    0.15487670350859997,
    0.14635978087151422,
    0.1389612645771251,
    0.1320814273169075,
    0.12594841389268904,
    0.12019280113277106,
    0.11502550418572655,
    0.11041082920738467,
    0.10577621510461108,
    0.10147144198057614,
    0.09766799943527854,
    0.09393102750622011,
    0.09047929884558593,
    0.0874813415964734,
    0.08434862658518576,
    0.08131098071144396,
    0.07866179853166505,
    0.07576848668342202,
    0.07343052601194347,
    0.07105933530951236
  ],
  "accuracy": [
    0.8852833333333333,
    0.9087166666666666,
    0.9203666666666667,
    0.9294,
    0.9359166666666666,
    0.94195,
    0.9472666666666667,
    0.9507166666666667,
    0.9531333333333334,
    0.9556666666666667,
    0.9587,
    0.9607166666666667,
    0.9621,
    0.9643333333333334,
    0.9664666666666667,
    0.9672333333333333,
    0.9688166666666667,
    0.97105,
    0.9719333333333333,
    0.9734833333333334,
    0.9744,
    0.9748333333333333,
    0.9763166666666667,
    0.9770833333333333,
    0.9774333333333334,
    0.979,
    0.9797166666666667,
    0.97995,
    0.9797833333333333,
    0.98155
  ],
  "val_accuracy": [
    0.8902,
    0.9125,
    0.9238,
    0.9307,
    0.9355,
    0.9413,
    0.9457,
    0.949,
    0.9512,
    0.9531,
    0.956,
    0.958,
    0.9589,
    0.9601,
    0.9622,
    0.9634,
    0.9627,
    0.9658,
    0.9659,
    0.9673,
    0.9677,
    0.9683,
    0.9682,
    0.9691,
    0.9704,
    0.9715,
    0.9728,
    0.9718,
    0.9716,
    0.9742
  ],
  "test_accuracy": 0.9742
}