{
  "loss": [
    0.33169276430484745,
    0.14958293571091097,
    0.10798051769501846,
    0.08560499457109393,
    0.07063027427561784,
    0.05822557683887985,
    0.049221585491769505,
    0.04184004086200829,
    0.035545264787008195,
    0.03129687292809775,
    0.025714398168054015,
    0.021523029864284858,
    0.018599803405190116,
    0.015616861664546402,
    0.013195640132314753,
    0.010651746631111528,
    0.009296191448724763,
    0.007427254193119875,
    0.005991464067641909,
    0.004618896988769049,
    0.003894227820836505,
    0.0034329049683261936,
    0.002834214462947857,
    0.002571441910426971,
    0.0022333555853889285,
    0.0018854800647305847,
    0.0017030899944582875,
    0.0015313025746453868,
    0.0013905637095240825,
    0.0013037943770118307
  ],
  "accuracy": [
    0.94985,
    0.96315,
    0.9698166666666667,
    0.9738666666666667,
    0.9831833333333333,
    0.98685,
    0.9885833333333334,
    0.9917333333333334,
    0.984,
    0.9933166666666666,
    0.9942,
    0.99375,
    0.9974166666666666,
    0.9972,
    0.9980166666666667,
    0.9980666666666667,
    0.9993666666666666,
    0.9992166666666666,
    0.9996666666666667,
    0.9997666666666667,
    0.9994166666666666,
    0.9999166666666667,
    0.9999333333333333,
    0.99995,
    0.9999833333333333,
    0.9999666666666667,
    1.0,
    0.9999666666666667,
    0.9999833333333333,
    1.0
  ],
  "val_accuracy": [
    0.9471,
    0.9594,
    0.9636,
    0.9641,
    0.9707,
    0.9737,
    0.9754,
    0.975,
    0.9716,
    0.9779,
    0.977,
    0.9758,
    0.9784,
    0.9765,
    0.9765,
    0.9761,
    0.9788,
    0.9778,
    0.9789,
    0.9791,
    0.9772,
    0.9785,
    0.9794,
    0.9788,
    0.979,
    0.9789,
    0.9793,
    0.9794,
    0.9789,
    0.9794
  ],
  "test_accuracy": 0.9794,
  "config": {
    "layer_sizes": [
      784,
      128,
      64,
      10
    ],
    "epochs": 30,
    "batch_size": 64,
    "learning_rate": 0.1
  }
}